﻿<parameters>
  <parameter name="IIS Web Application Name" defaultValue="Default Web Site/ShootingManager.Web_deploy" tags="IisApp">
    <parameterEntry kind="ProviderPath" scope="IisApp" match="^C:\\YellowCaddisDevelopment\\TFSProjects\\YCDWebs\\RickysPlace\\ShootingManager\.Web\\obj\\Release\\Package\\PackageTmp$" />
    <parameterEntry kind="ProviderPath" scope="setAcl" match="^C:\\YellowCaddisDevelopment\\TFSProjects\\YCDWebs\\RickysPlace\\ShootingManager\.Web\\obj\\Release\\Package\\PackageTmp$" />
  </parameter>
  <parameter name="DefaultConnection-Web.config Connection String" defaultValue="DefaultConnection_ConnectionString">
    <parameterEntry kind="XmlFile" scope="C:\\YellowCaddisDevelopment\\TFSProjects\\YCDWebs\\RickysPlace\\ShootingManager\.Web\\obj\\Release\\Package\\PackageTmp\\Web\.config$" match="/configuration/connectionStrings/add[@name='DefaultConnection']/@connectionString" />
  </parameter>
  <parameter name="ShootingContext-Web.config Connection String" defaultValue="Data Source=yellowcaddissql;Initial Catalog=Shooting;Integrated Security=True">
    <parameterEntry kind="XmlFile" scope="C:\\YellowCaddisDevelopment\\TFSProjects\\YCDWebs\\RickysPlace\\ShootingManager\.Web\\obj\\Release\\Package\\PackageTmp\\Web\.config$" match="/configuration/connectionStrings/add[@name='ShootingContext']/@connectionString" />
  </parameter>
</parameters>